{
  "project_info": {
    "project_number": "244401043982",
    "project_id": "skripsisaya-ikan",
    "storage_bucket": "skripsisaya-ikan.appspot.com"
  },
  "client": [
    {
      "client_info": {
        "mobilesdk_app_id": "1:244401043982:android:c63e56a6ad9eb98a99da5f",
        "android_client_info": {
          "package_name": "com.skripsisaya.kesegaran_ikan"
        }
      },
      "oauth_client": [
        {
          "client_id": "244401043982-1bo6jtqtocoelhtgd7gj9a1u67ncbac9.apps.googleusercontent.com",
          "client_type": 3
        }
      ],
      "api_key": [
        {
          "current_key": "AIzaSyDNwXwWVB2fV-g8yh6yoOuUTdIGe-rqtqs"
        }
      ],
      "services": {
        "appinvite_service": {
          "other_platform_oauth_client": [
            {
              "client_id": "244401043982-1bo6jtqtocoelhtgd7gj9a1u67ncbac9.apps.googleusercontent.com",
              "client_type": 3
            }
          ]
        }
      }
    }
  ],
  "configuration_version": "1"
}